,message,neutral-score,negative-score,positive-score,label
0,h a l o sorry but god idea is scam,0.356,0.368,0.276,Negative
1,badmansâœï¸,1.0,0.0,0.0,Neutral
2,yeah situation again,0.476,0.0,0.524,Positive
3,h a l o god idea is what created badness itself,0.53,0.0,0.47,Neutral
4,"it would be in your best interest to be holy. not everyone will accept this, therefore they don't live according to what is best for them.",0.618,0.061,0.32,Neutral
5,why???;),1.0,0.0,0.0,Neutral
6,im a hella of a pooper i tell ya,1.0,0.0,0.0,Neutral
7,masson na,1.0,0.0,0.0,Neutral
8,"agnostic each way bet , good for me",0.707,0.0,0.293,Neutral
9,all smart but thisğŸ‡ºğŸ‡¸ğŸ’ª,0.73,0.0,0.27,Neutral
10,ğŸ«,1.0,0.0,0.0,Neutral
11,i cleaned it up beforema woke up and made her morning coffee,1.0,0.0,0.0,Neutral
12,ğŸ¤£ğŸ¤£ğŸ¤£ğŸ¤£ğŸ‘,0.584,0.0,0.416,Neutral
13,"h a l o best for themselfs ? that sound like a excuse to bring badness , you need to utilise the word peaceful if you want to talk because i dont trust the word best for themselfs , best can be bad",0.523,0.098,0.379,Neutral
14,hi,1.0,0.0,0.0,Neutral
15,no mask symbol:buffering:ğŸ‡·ğŸ‡º,0.476,0.524,0.0,Negative
16,"creation is complex, intricate, precise, calculated, has order and processes designed to function in a specific way. it's absurd to realise this and not believe in god's existence.",0.875,0.0,0.125,Neutral
17,hi raajğŸ––ğŸ˜,0.7,0.0,0.3,Neutral
18,protest alot but peacefully,0.247,0.185,0.568,Positive
19,it's best for everyone to be holy.,0.588,0.0,0.412,Neutral
20,today is black day indian crpf soldiers we lost our 40 soldiers ğŸ™ğŸ™ğŸ‡®ğŸ‡³,0.867,0.133,0.0,Neutral
21,"nice try valentine , am cooking a very nice halal beef curry pie , i will b thinking of u",0.753,0.0,0.247,Neutral
22,farmers protestğŸ‡²ğŸ‡¨ğŸ’ªğŸ˜ğŸ‡©ğŸ‡ªğŸ’¨,0.75,0.0,0.25,Neutral
23,or at least try your best to be holy,0.656,0.0,0.344,Neutral
24,i from azerbaijan . kharabagh is azerbaijan,1.0,0.0,0.0,Neutral
25,"h a l o you are wrong , i can exist without badness",0.643,0.181,0.175,Neutral
26,military stop bullyng people,0.577,0.423,0.0,Neutral
27,iqbal farmers are gone home,1.0,0.0,0.0,Neutral
28,massons nağŸ«,1.0,0.0,0.0,Neutral
29,or the smell of that beef is melting my heart,0.682,0.0,0.318,Neutral
30,ğŸ‡¹ğŸ‡·ğŸ‡µğŸ‡°ğŸ‡¦ğŸ‡¿ğŸ’ª,1.0,0.0,0.0,Neutral
31,"military is kidnaping people , military terorist organisation",1.0,0.0,0.0,Neutral
32,raajğŸ˜ğŸ‡²ğŸ‡¨not need im netralğŸ––,0.75,0.0,0.25,Neutral
33,:stayhome:,1.0,0.0,0.0,Neutral
34,emad zak. i don't know about your heart condistion,0.656,0.0,0.344,Neutral
35,how goes the money market,1.0,0.0,0.0,Neutral
36,dondition,1.0,0.0,0.0,Neutral
37,watch outğŸ‘€..!!...mutants feel emboldened again todayğŸ‘€..!!,1.0,0.0,0.0,Neutral
38,iqbal have you today news farmers gone home,1.0,0.0,0.0,Neutral
39,gay biological man being feminine . rubbish . you don't know anything about how social and material factors push individual persons to do what they do or become,1.0,0.0,0.0,Neutral
40,god and the angels know what you hide and what you know and what you imagine and what your intentions are. your deeds will be revealed to you in time. it's going to be a long day on that day.,0.909,0.041,0.05,Neutral
41,lol oh beef is so good to the heart very melting chewy beef ur missing out,0.481,0.088,0.431,Neutral
42,"ack jass and then explain instead of telling me i dont know , explain",1.0,0.0,0.0,Neutral
43,ğŸ¦“,1.0,0.0,0.0,Neutral
44,where are you in india?...@filmi raaj,1.0,0.0,0.0,Neutral
45,but raaj yeah im water qanonğŸ˜ğŸ’¨ğŸ‡²ğŸ‡¨,0.595,0.0,0.405,Neutral
46,lake city,1.0,0.0,0.0,Neutral
47,praise jesus he forgives me right,0.388,0.0,0.612,Positive
48,ack jass let yourself vulnerable and explain,0.759,0.241,0.0,Neutral
49,me i am always vulnerable,0.678,0.322,0.0,Neutral
50,i am from bangladesh,1.0,0.0,0.0,Neutral
51,indian name?...,1.0,0.0,0.0,Neutral
52,why you telling me this. you didn't bring any verse that mentions of return of jesus. u are angry with me.,0.858,0.142,0.0,Neutral
53,amen right brothers and sisters,1.0,0.0,0.0,Neutral
54,hi,1.0,0.0,0.0,Neutral
55,free myanmar(burma) free aung san suu kyi help me myanmar,0.429,0.0,0.571,Positive
56,free myanmar(burma) free aung san suu kyi help me myanmar,0.429,0.0,0.571,Positive
57,iqbal stop jockingğŸ˜,0.536,0.196,0.268,Neutral
58,impossible mission teacher 1 last3 mission everyday,1.0,0.0,0.0,Neutral
59,âœï¸,1.0,0.0,0.0,Neutral
60,i will bring u ur favorite be3ef,0.667,0.0,0.333,Neutral
61,beef,1.0,0.0,0.0,Neutral
62,free myanmar(burma) free aung san suu kyi help me myanmar,0.429,0.0,0.571,Positive
63,can i get an amen forbeing a big poooper,1.0,0.0,0.0,Neutral
64,yesâœï¸pases,0.426,0.0,0.574,Positive
65,in serbia everyone needs a shave,1.0,0.0,0.0,Neutral
66,bro my name is vikram singh rajput,1.0,0.0,0.0,Neutral
67,or u want some vedas's scandals sigment,0.526,0.337,0.137,Neutral
68,thunderstruck,1.0,0.0,0.0,Neutral
69,filmi raaj. sigmentwhy you telling me this. you didn't bring any verse that mentions of return of jesus. u are angry with me.,0.87,0.13,0.0,Neutral
70,free myanmar(burma) free aung san suu kyi help me myanmar,0.429,0.0,0.571,Positive
71,"there's just too many emotionally damaged people who take out their fustrations on others and don't treat themselves in a healthy way, it becomes a downward spiral.",0.753,0.162,0.085,Neutral
72,zak ğŸ‘€..!!....juss shaddupğŸ‘€..!!,1.0,0.0,0.0,Neutral
73,emad zak. no,0.476,0.524,0.0,Negative
74,sigment i am hindu,1.0,0.0,0.0,Neutral
75,u dont believe beef is good for u is that not in ur believ!!,0.789,0.0,0.211,Neutral
76,not a christian,1.0,0.0,0.0,Neutral
77,i know,1.0,0.0,0.0,Neutral
78,wow princess zonkey,0.345,0.0,0.655,Positive
79,free myanmar(burma) free aung san suu kyi help me myanmar save myanmar,0.39,0.0,0.61,Positive
80,beef ? stop telling me to be bad,0.513,0.487,0.0,Neutral
81,"hola, soy de chile y busco alguna versiÃ³n en espaÃ±ol de aljazeera, existe?",1.0,0.0,0.0,Neutral
82,zak ğŸ‘€..!!...go eat your carcass and shaddupğŸ‘€..!!,1.0,0.0,0.0,Neutral
83,eyes eat my socks when they ready am still wearing them,0.8,0.0,0.2,Neutral
84,it's difficult for those people to climb out of their pit of despair.,0.696,0.304,0.0,Neutral
85,beef adds up fats and u may have heart attack,0.523,0.203,0.275,Neutral
86,eyes eat my socks when they ready am still wearing them,0.8,0.0,0.2,Neutral
87,i think emanuel mercon that bad,0.588,0.412,0.0,Neutral
88,"so use your words carefully, you don't know how it will affect someone else.",0.897,0.0,0.103,Neutral
89,netral dog,1.0,0.0,0.0,Neutral
90,"i am in too much pain and tired due to what bad things people have done to me in this life, to explain or expand on what i comment or declare",0.692,0.249,0.059,Neutral
91,beef is good u dont know till u try and u will believe too,0.818,0.0,0.182,Neutral
92,"scaredcow, not sacred",1.0,0.0,0.0,Neutral
93,no one eats socks dude,0.645,0.355,0.0,Neutral
94,zak ğŸ‘€..!!..your pride of eating carcasses is disgustingğŸ‘€..!!,0.501,0.327,0.172,Neutral
95,eyes eat my socks when they ready am still wearing them,0.8,0.0,0.2,Neutral
96,trans hockey dem future,1.0,0.0,0.0,Neutral
97,i know brain all im water qanon,1.0,0.0,0.0,Neutral
98,eyes eat my socks when they ready am still wearing them,0.8,0.0,0.2,Neutral
99,iqbal nadia khan?,1.0,0.0,0.0,Neutral
100,beef steak is the best u dung eaters,0.625,0.0,0.375,Neutral
101,emad zak. why you telling me this. you didn't bring any verse that mentions of return of jesus. u are angry with me.,0.87,0.13,0.0,Neutral
102,yummmmy,1.0,0.0,0.0,Neutral
103,zak ğŸ‘€..!!...you're spammingğŸ‘€..!!,0.413,0.587,0.0,Negative
104,friend madrasati,0.238,0.0,0.762,Positive
105,geek zonkey skyscrappers,0.526,0.474,0.0,Neutral
106,dung was terribad jar ftw,0.571,0.0,0.429,Neutral
107,just let it go.,1.0,0.0,0.0,Neutral
108,posser check it out: debra,1.0,0.0,0.0,Neutral
109,whenn u eat beef u will see and u will believe,1.0,0.0,0.0,Neutral
110,demoncratic refaggican government,1.0,0.0,0.0,Neutral
111,eyes eat my socks when they ready am still wearing them,0.8,0.0,0.2,Neutral
112,us hut up u fool who are u?,0.707,0.293,0.0,Neutral
113,iqbal have you seen nadia khan in this live news channel,1.0,0.0,0.0,Neutral
114,i will not eat anyone's socks for sure,0.753,0.0,0.247,Neutral
115,hi,1.0,0.0,0.0,Neutral
116,u wil eat beef soon,1.0,0.0,0.0,Neutral
117,lol,0.0,0.0,1.0,Positive
118,i want ebola vaccine,0.698,0.0,0.302,Neutral
119,how come,1.0,0.0,0.0,Neutral
120,that place is really named after guinea pig? like cuisine i hear,0.815,0.0,0.185,Neutral
121,watered downed depends on q,1.0,0.0,0.0,Neutral
122,yesğŸ‘€..!!...i have a us hutğŸ‘€..!!,0.608,0.0,0.392,Neutral
123,how i s the election vote,1.0,0.0,0.0,Neutral
124,you will beat me to make me eat it?,1.0,0.0,0.0,Neutral
125,we are justified by faith nit by the works of the law.....,0.645,0.0,0.355,Neutral
126,and ebola disapeared after few year,1.0,0.0,0.0,Neutral
127,abolla virus.. is another virus which is to dangerous.,0.721,0.279,0.0,Neutral
128,pakistani quran pado aantankvadi banoğŸ˜,0.75,0.0,0.25,Neutral
129,#alberto bernal . why there will be mention of 2nd coming when there was no 1st coming?,0.879,0.121,0.0,Neutral
130,cap actually makes the statement less impressionable.,0.846,0.154,0.0,Neutral
131,im realizing that some works and faith can save you...,0.571,0.0,0.429,Neutral
132,mention of 2nd coming was mentioned after or during 1st coming.,1.0,0.0,0.0,Neutral
133,it makes sense.,1.0,0.0,0.0,Neutral
134,habiba nadia khan?,1.0,0.0,0.0,Neutral
135,answer the dung eater alberto,1.0,0.0,0.0,Neutral
136,i wonder if ebola can spread by water droplets from sneezing like covid19,0.828,0.0,0.172,Neutral
137,the dems tried to stop investigating 2020 presidential elections and ensure that they don`t have to face too popular trump at future elections. those were the real reasons for their phony legal case.,0.761,0.058,0.181,Neutral
138,pata nahi lagtha,1.0,0.0,0.0,Neutral
139,al jazeera brothers bangladesh's situation is very bad prime minister is torturing the people corruption cases are making people disappear police are secretly taking people from house to house,0.728,0.272,0.0,Neutral
140,emad zak. now you team up with #alberto bernal,1.0,0.0,0.0,Neutral
141,how come?,1.0,0.0,0.0,Neutral
142,lol,0.0,0.0,1.0,Positive
143,i am alone.,0.5,0.5,0.0,Negative
144,ma abi aya,1.0,0.0,0.0,Neutral
145,but if you have ebola youll be so sick you wont be able to spread it unless somebody touches your fluids,0.773,0.227,0.0,Neutral
146,no am giving u to him,0.486,0.514,0.0,Negative
147,habiba nadia aaj aai hi nahi?,1.0,0.0,0.0,Neutral
148,lol,0.0,0.0,1.0,Positive
149,emad zak. why you telling me this. you didn't bring any verse that mentions of return of jesus. u are angry with me.,0.87,0.13,0.0,Neutral
150,second coming signifies a begining. because biblical cataclysm. so not eternium.,1.0,0.0,0.0,Neutral
151,i have a biggest medivac,1.0,0.0,0.0,Neutral
152,"haitian president reminds me of trump, only wants power....aint nothing getting done in haiti",1.0,0.0,0.0,Neutral
153,acha ap ossy ko doond rahee hu..,1.0,0.0,0.0,Neutral
154,in case human due achieve perfection - arent stuck in limbo,0.623,0.0,0.377,Neutral
155,sovergient its true quran pado aantankvadi banoğŸ˜ğŸ™„,0.707,0.0,0.293,Neutral
156,"the black population in usa,,,spends more money each year then entire haitian government",1.0,0.0,0.0,Neutral
157,:goodvibes::goodvibes::goodvibes:,1.0,0.0,0.0,Neutral
158,zak answer this ??? where is the heart of the earth????,0.66,0.0,0.34,Neutral
159,take your time. emad zak. i m not in hurry,1.0,0.0,0.0,Neutral
160,habib haa aaj use sunana tha,1.0,0.0,0.0,Neutral
161,dontcha knowğŸ‘€..??...if you don't have the answer just type in bold type and sling insultsğŸ‘€..!!,0.703,0.175,0.122,Neutral
162,ya uper kya leek raha hu,1.0,0.0,0.0,Neutral
163,"haitian government needs real assistance,, not small donations from governments who care 2 craps about them",0.824,0.0,0.176,Neutral
164,so if second coming is a true than singularity must have happened. i think.,0.823,0.0,0.177,Neutral
165,you won't enjoy what comes after : see facebook,0.753,0.247,0.0,Neutral
166,kya,1.0,0.0,0.0,Neutral
167,"haiti needs to open up citizenship,, for wealthy foreigners",0.762,0.0,0.238,Neutral
168,ğŸ§ŸğŸ§ŸğŸ§ŸğŸ§ŸğŸ§ŸğŸ§ŸğŸ§ŸğŸ§ŸğŸ§ŸğŸ§Ÿ,1.0,0.0,0.0,Neutral
169,habib pulwama attack ke baare me discussion karna tha nadia khan seğŸ˜ğŸ˜‚,0.604,0.168,0.228,Neutral
170,"but if france is poor,,,what makes you think haiti would be any different",1.0,0.0,0.0,Neutral
171,as mundayne end of times can sound ide think. kinda romantic,0.806,0.0,0.194,Neutral
172,#sovereignmind 1969 . what coming afterwards,1.0,0.0,0.0,Neutral
173,you knowğŸ‘€..!!...like trump's lawyersğŸ‘€..!!..juss yell when you got nothin'..ğŸ‘€..!!,1.0,0.0,0.0,Neutral
174,very good discussion of the 1969 story,0.653,0.0,0.347,Neutral
175,avit kek@tepikungpendek,1.0,0.0,0.0,Neutral
176,à¦¬à¦¾à¦‚à¦²à¦¾à¦¦à§‡à¦¶à§‡à¦° à¦•à¦¿ à¦¹à¦²à§‹ ?,1.0,0.0,0.0,Neutral
177,emad zak u ran away? or what,1.0,0.0,0.0,Neutral
178,you can be spiritually alive but you can be asleep or awake in christ jesus....,0.886,0.0,0.114,Neutral
179,fore now is not thy time,1.0,0.0,0.0,Neutral
180,ya bathay churr du.. yar.. social hu jao.. kal ka bathay kal thay,1.0,0.0,0.0,Neutral
181,alberto u keep failing wat is that suppose to mean jonas was centres before jesus u fool are usick where do u live i will look some psychiatrist near u and mail the bill too if u want@alberto bernal,0.856,0.144,0.0,Neutral
182,kapten jebat derhaka mnta pangkat dato seri sbb dia ckap bnyk berjasa kpd negara ini. smpai dia prgi kursus di itali selama 7thun semasa berkhidmat dlm atm:oops::oops::oops:,1.0,0.0,0.0,Neutral
183,"look at islands, st. croix, st johns, st thomas,,,us territories,,,like guam, hawaii puerto rico etc...these islands are near haiti,,,but since they are us territories and rich wealthy flock there",0.816,0.0,0.184,Neutral
184,epistle of jude is,1.0,0.0,0.0,Neutral
185,what is the purpose,1.0,0.0,0.0,Neutral
186,hum indian hai kabhi nahi bhulte habib,1.0,0.0,0.0,Neutral
187,all of these islands look beautiful,0.562,0.0,0.438,Neutral
188,ğŸ§Ÿis badğŸ§Ÿno badğŸ§Ÿis badğŸ§Ÿno bad iam fake text,0.26,0.74,0.0,Negative
189,zak where's the heart of the earth???,0.559,0.0,0.441,Neutral
190,you can get killed there though. real caribbean pirates down there,0.69,0.31,0.0,Neutral
191,did jonas die?,0.339,0.661,0.0,Negative
192,i am watching in bangladesh i am watching in bangladesh,1.0,0.0,0.0,Neutral
193,hum be nahi bulthy ham pakistani ha.. our per pakistan may pakhtun ha. ap ko patha ha . pakhtun ka... bas samj jao,0.902,0.0,0.098,Neutral
194,:yougotthis:,1.0,0.0,0.0,Neutral
195,"jonah in the whale, near babylon...thought hed be wasting his time telling people gods words",0.838,0.162,0.0,Neutral
196,most people are asleep in the spirit..... and not awake in christ ....,0.876,0.0,0.124,Neutral
197,habib aap pakistan se ho,1.0,0.0,0.0,Neutral
198,g,1.0,0.0,0.0,Neutral
199,no jonas did not die....,0.359,0.264,0.377,Positive
200,from the heart of pakistan lahore,0.543,0.0,0.457,Neutral
201,brain= portugal-spain. soul=korea. heart=new york.,1.0,0.0,0.0,Neutral
202,"screech died of lung cancer, erkel's next",0.385,0.615,0.0,Negative
203,who is jonas?,1.0,0.0,0.0,Neutral
204,habib tumhe lagta hai ki kabhi india aur pakistan friend ban sakte hai,0.618,0.202,0.18,Neutral
205,own location kpk. absolute on western border,1.0,0.0,0.0,Neutral
206,"""feel like jonah in the belly of the whale""..ğŸ‘€..??..remember that songğŸ‘€..??",0.776,0.0,0.224,Neutral
207,zak now tell me where is the heart of the world....????,0.66,0.0,0.34,Neutral
208,ur wicked jesus was not god,0.434,0.566,0.0,Negative
209,remember peter thrice denied christ...peter tosh...peter...peters (friend) came and demanded money but peter had bruised head from police beatings...no concerts no money..friend shot peter in the head,0.735,0.198,0.067,Neutral
210,who is screech,1.0,0.0,0.0,Neutral
211,ur wicked jesus was not god,0.434,0.566,0.0,Negative
212,emad zak what matter if jesus was god or not ? is all scam anyway,0.635,0.196,0.169,Neutral
213,ap parhtay hu.. agar parhthy hu tu per bathao wanga,1.0,0.0,0.0,Neutral
214,zak i know jesus is not god... he is just a servant of allah...,0.878,0.122,0.0,Neutral
215,saved by the bell character,0.588,0.0,0.412,Neutral
216,religious figures are archetypes,1.0,0.0,0.0,Neutral
217,jesus-wejus 2000 years of fraud committed on mankind,0.504,0.319,0.176,Neutral
218,emad zak. brb. i will ask question again,1.0,0.0,0.0,Neutral
219,beef is good,0.408,0.0,0.592,Positive
220,"emad zak correct, jesus was not god. jesus always gave glory to his father.",0.693,0.105,0.202,Neutral
221,congo is the size of all the countries in western europe put together,1.0,0.0,0.0,Neutral
222,q nahi ban saktha agar ham ya clashes khatam karlay..,0.714,0.286,0.0,Neutral
223,eating animals is primitive,1.0,0.0,0.0,Neutral
224,"masculinity always atack 1 thing or the other thing , is not a surprise that god idea and masculinity even today create badness continuously",0.777,0.067,0.155,Neutral
225,habib india to ban sakta hai par pakistan territories hai isliye vo aapko pata hoga,0.795,0.205,0.0,Neutral
226,and dirty,0.256,0.744,0.0,Negative
227,why you avoiding this question. you are ashamed of your lack of knowledge or what?,0.606,0.394,0.0,Neutral
228,temm me emad zak,1.0,0.0,0.0,Neutral
229,as a prophet like those who passed him yes,0.574,0.0,0.426,Neutral
230,and delicious,0.213,0.0,0.787,Positive
231,julian d. animals eat animals. why care about dirty animals so much?,0.621,0.18,0.199,Neutral
232,and disgusting,0.227,0.773,0.0,Negative
233,teling me what to do is also pripitive !!!!!!,1.0,0.0,0.0,Neutral
234,valentine!!!!,1.0,0.0,0.0,Neutral
235,my god is the only true god - god of universe - father of all gods,0.569,0.0,0.431,Neutral
236,what emad zak,1.0,0.0,0.0,Neutral
237,hahahahahah father of all god ; idioot,0.741,0.0,0.259,Neutral
238,hi,1.0,0.0,0.0,Neutral
239,"our religion is the only true religion - and the others are (satan) and far, far away in the darknes",0.872,0.0,0.128,Neutral
240,carbikenetwork god idea is a lie,0.704,0.0,0.296,Neutral
241,duno ban saktha ha.. agar ek dusara hath barhai. ya koi eysa mokhlas bech ma agai jo . faisla sahi ka hamel hu,0.859,0.141,0.0,Neutral
242,"religion , please , you keep yours i respect ,",0.597,0.0,0.403,Neutral
243,i love the beef and u shower in its dung thats the difference,0.741,0.0,0.259,Neutral
244,give me verse from your scripture where there is mention of 'return'?,1.0,0.0,0.0,Neutral
245,my father is stronger than your father,0.698,0.0,0.302,Neutral
246,"i'll eat the neighbors pitt bull if i'm starving to deathğŸ‘€..!!..but in the meantime, don't eat animalsğŸ‘€..!!",0.684,0.316,0.0,Neutral
247,dictator'ship's !!!!,1.0,0.0,0.0,Neutral
248,so whats with this myanmar bs i keep hearing about. why not just call it burma?,1.0,0.0,0.0,Neutral
249,i never showered in any dung. note it in diary.,1.0,0.0,0.0,Neutral
250,you are just angry,0.476,0.524,0.0,Negative
251,since you have no answer.,0.645,0.355,0.0,Neutral
252,pheodale dictator'ship's,1.0,0.0,0.0,Neutral
253,no am not valentine,0.577,0.423,0.0,Neutral
254,"kings in middle east back then had good relationship with africa,,,,like uk and usa good relationship,,,nowadays,,,bahrain only knows tunisia and egypt",0.766,0.0,0.234,Neutral
255,i slept a whole day hungover,1.0,0.0,0.0,Neutral
256,my mother can co ok better than your mother,0.579,0.0,0.421,Neutral
257,yes you r clearly,0.27,0.0,0.73,Positive
258,hum human being ha. ya important ha.. ya important nahi ha. ka kon kon ha,0.667,0.0,0.333,Neutral
259,"emad zak you are nearly right. he was born of our creator, he had no human father. he only 23 dna strands from his mother. the other 23 was missing. son of god",0.822,0.121,0.058,Neutral
260,you won't be talking trash but giving answer instead,0.721,0.0,0.279,Neutral
261,otherwise,1.0,0.0,0.0,Neutral
262,hug broly,0.244,0.0,0.756,Positive
263,religion is always the excuse the opium of dictator'ship's,0.86,0.0,0.14,Neutral
264,you are angry...since you have no clear cut answer...but an assumption,0.692,0.168,0.14,Neutral
265,my sister is beautifuler than your sister,0.659,0.0,0.341,Neutral
266,my father cooks better than my mother,0.674,0.0,0.326,Neutral
267,lol,0.0,0.0,1.0,Positive
268,"when you dead your dead , full stop",0.316,0.684,0.0,Negative
269,my brother have more muscle than your brother,1.0,0.0,0.0,Neutral
270,exactly my point... what separates us from wild animals,1.0,0.0,0.0,Neutral
271,lol;,0.0,0.0,1.0,Positive
272,i should go back to sleep,1.0,0.0,0.0,Neutral
273,"please no religion , find common ground",0.526,0.232,0.242,Neutral
274,our clan have more member than your group,1.0,0.0,0.0,Neutral
275,:buffering:iam fack stop:buffering:,1.0,0.0,0.0,Neutral
276,helo world,1.0,0.0,0.0,Neutral
277,how r u all,1.0,0.0,0.0,Neutral
278,ğŸ™‚,0.425,0.0,0.575,Positive
279,horror dna weren't still discovered at the time how do you know?,0.748,0.252,0.0,Neutral
280,u cant be proud of wat u believe so why u so intrested ?,0.836,0.164,0.0,Neutral
281,not well,0.355,0.645,0.0,Negative
282,its the obvious difference,1.0,0.0,0.0,Neutral
283,we love people - and we don't tolerate dissidents and unbeliever,0.704,0.0,0.296,Neutral
284,we don't need to eat animals anymore. we've evolved,1.0,0.0,0.0,Neutral
285,demoncratic restupid government,1.0,0.0,0.0,Neutral
286,ur foked lol,0.417,0.0,0.583,Positive
287,"i am well recipes, hope you are having a good day",0.503,0.0,0.497,Neutral
288,"w'ere are the jews , the lgbtq , the leftist's...the socialist !??? the intellectuals....all in prison ???? lololol !!!! totalitarisme ??????",0.787,0.213,0.0,Neutral
289,we send our militÃ¤ry to your country and we destroy it,0.741,0.259,0.0,Neutral
290,#julian d . who say.,1.0,0.0,0.0,Neutral
291,lol !,0.244,0.0,0.756,Positive
292,i believe ;,1.0,0.0,0.0,Neutral
293,you're primitive,1.0,0.0,0.0,Neutral
294,massons nağŸ«:buffering:ğŸ‡·ğŸ‡ºiam fak:buffering:,1.0,0.0,0.0,Neutral
295,and dumb,0.233,0.767,0.0,Negative
296,remember the king of babylon need gods prophet daniel to understand .... what his people needed,1.0,0.0,0.0,Neutral
297,wat do u believe ! its a secret is that intellegbt to say if u cant defend wat u believe instaed,1.0,0.0,0.0,Neutral
298,after that your people speak our language and move in to our country,1.0,0.0,0.0,Neutral
299,massons na ğŸ«islam,1.0,0.0,0.0,Neutral
300,reptilien brain's ....pheodalism,1.0,0.0,0.0,Neutral
301,jesus christ crucified himself talking about his flesh.....,1.0,0.0,0.0,Neutral
302,why are so intersted fool!,0.535,0.465,0.0,Neutral
303,i m no tprimitive anymore,0.645,0.355,0.0,Neutral
304,"1. corinthians 13:4 apostle paul said - ''love is patient, love is kind - it does not envy, it does not boast, it is not proud''",0.565,0.069,0.366,Neutral
305,bebli:buffering::learning:iam fack:learning:,1.0,0.0,0.0,Neutral
306,i already gave u the verse read back back to me u read it tell me where u cant see,1.0,0.0,0.0,Neutral
307,its sad to hear about hospitalization of pankaj udhas in kidney failure,0.61,0.39,0.0,Neutral
308,it's not about religions but 'power and money !!! Ã©goÃ¯sme at it's must !!!!,1.0,0.0,0.0,Neutral
309,"please no religion , divides worse than trump",0.397,0.421,0.183,Negative
310,:thanksdoc:hope both kidneys of pankaj udhas are transplanted well at aiiims,0.826,0.0,0.174,Neutral
311,my cigarette made me super dozzy,0.562,0.0,0.438,Neutral
312,"arab countries are springing but turning their back on the u.s. at the same time...only looking to the u.s. for weapons sales,, nothing else,, maybe a loan",0.871,0.129,0.0,Neutral
313,dizzy,0.0,1.0,0.0,Negative
314,corrupt prime minister !! nothing will change !!! hahahaha hahahaha hahahaha... dictator'ship's bank account's !!!!!,1.0,0.0,0.0,Neutral
315,he said that jesus has only 23 chromosomes,1.0,0.0,0.0,Neutral
316,i wanna die,0.339,0.661,0.0,Negative
317,:thanksdoc::thanksdoc::thanksdoc::thanksdoc::thanksdoc:help me god s family in india ğŸ‘ğŸ™ğŸ™ğŸ™ğŸ™ğŸ™ğŸ™ğŸ™. by 9,0.92,0.0,0.08,Neutral
318,emad zak. it deosnt mention of 'return'...u must agree,0.762,0.0,0.238,Neutral
319,jk,0.0,0.0,1.0,Positive
320,:thanksdoc:without kidneys life is difficult.......,0.615,0.385,0.0,Neutral
321,how?,1.0,0.0,0.0,Neutral
322,be a proud person by admit it,0.505,0.0,0.495,Neutral
323,religion is all things to all ppl who cares,0.727,0.0,0.273,Neutral
324,i just cant imagine how he know that? ğŸ˜†,0.8,0.0,0.2,Neutral
325,wat does it speak of idiot?,0.602,0.398,0.0,Neutral
326,sldtva _93 marlboro a1.,1.0,0.0,0.0,Neutral
327,where does that verse mention of return...u drew conclusion einstein,1.0,0.0,0.0,Neutral
328,you need alka-seltzerğŸ‘€..!!,1.0,0.0,0.0,Neutral
329,u read it right?,1.0,0.0,0.0,Neutral
330,christianity is a relationship with allah and islam â˜ª is a work and faith to the salvation of allah.... two different things.... you choose....,0.899,0.0,0.101,Neutral
331,:thanksdoc:famous lawyer of divorce==== sushma swaraj died death due to kidney failure,0.455,0.545,0.0,Negative
332,horror you should give as where you read that jesus has only 23 dna ğŸ˜†,0.708,0.175,0.118,Neutral
333,hug broly,0.244,0.0,0.756,Positive
334,emad zak. does that verse states these word-----------> i will return<----------?????,1.0,0.0,0.0,Neutral
335,assad pro putin,1.0,0.0,0.0,Neutral
336,ğŸ˜…ğŸ˜…ğŸ˜…ğŸ˜…sushma swaraj kidneys failed in advani presence,0.561,0.109,0.33,Neutral
337,"they pretend to forgive the u.s. for invading iraq....they are plotting on u.s.'s fall,,,following iranian rhetoric,.,iran stretches to mali even into south america...if iran gets to mexico its troubl",0.885,0.046,0.069,Neutral
338,reference reference reference so interesting this story of 23 dna,0.721,0.0,0.279,Neutral
339,hug broly .. why r u writing it always..say something new,0.763,0.0,0.237,Neutral
340,"sldtva _93 disconnect from internet. play scrabble, music instrument.",0.769,0.0,0.231,Neutral
341,i wil return lol,0.517,0.0,0.483,Neutral
342,:thanksdoc::dothefive:old age means kidney failures in politians and lawyers and doctors tooooo,0.786,0.214,0.0,Neutral
343,emad zak. is it mentioned?,1.0,0.0,0.0,Neutral
344,soriya soriya.............wh,1.0,0.0,0.0,Neutral
345,"duncan yourmate you said that religions mean everything , and that the issue that i see , bc everything could mean criminal activity , terorism , rape , sexual abuse",0.687,0.313,0.0,Neutral
346,hey horror do you hear me?,0.575,0.425,0.0,Neutral
347,matthew 7:15-23 - say something about mohammed,1.0,0.0,0.0,Neutral
348,lol,0.0,0.0,1.0,Positive
349,i am not a rapeist to any female ever........ok:buffering:,1.0,0.0,0.0,Neutral
350,gm infowarriors,1.0,0.0,0.0,Neutral
351,ok keep laughing,0.156,0.0,0.844,Positive
352,its already speaking of events on his return u bimbo,1.0,0.0,0.0,Neutral
353,"inas i think a day of your research, you will find your answer. look it up.",1.0,0.0,0.0,Neutral
354,you no answer any way,0.645,0.355,0.0,Neutral
355,wat a fo9ol,1.0,0.0,0.0,Neutral
356,ur a fool,0.408,0.592,0.0,Negative
357,wats ur believe oh its a secret,1.0,0.0,0.0,Neutral
358,pls.. don't mension religion. all the religion present are respected to the people related with his own religion,0.784,0.0,0.216,Neutral
359,lol,0.0,0.0,1.0,Positive
360,noooooooo,1.0,0.0,0.0,Neutral
361,lool,1.0,0.0,0.0,Neutral
362,"trump did see the b.s. tru mp killed iranian general because he knew his movement...but wars are dangerous...why christ said turn the other cheek,,,love your enemies,,,the bible or death",0.684,0.316,0.0,Neutral
363,lost dna,0.303,0.697,0.0,Negative
364,horror more simple if you give the reference font you thi k,0.748,0.252,0.0,Neutral
365,waste material,0.263,0.737,0.0,Negative
366,in other words.. don't connect with folks to dicuss isis symmetrical math,1.0,0.0,0.0,Neutral
367,u asume its speaking of events after return.,1.0,0.0,0.0,Neutral
368,god may get ride all people from covid-19,0.769,0.0,0.231,Neutral
369,its not lost dna. u say it can't be otherwise,0.821,0.0,0.179,Neutral
370,it is am not stupid its a prophecy to come,0.764,0.0,0.236,Neutral
371,isis was created by believers in god,0.549,0.0,0.451,Neutral
372,be a tool not a fool make a difference,0.769,0.0,0.231,Neutral
373,you should say it points to return....will you say this,1.0,0.0,0.0,Neutral
374,:yt::thanksdoc:doctors tooo die death due to kidney failure......ok,0.435,0.565,0.0,Negative
375,so how many dna has had adam? horror,0.654,0.346,0.0,Neutral
376,no one will notice any way so.....ğŸ‘€,0.761,0.239,0.0,Neutral
377,:thanksdoc::thanksdoc::thanksdoc::thanksdoc::thanksdoc:ğŸ™help me god s family ğŸ‘ğŸ™,0.826,0.0,0.174,Neutral
378,inas a long time ago i read this. i found it so can you.,1.0,0.0,0.0,Neutral
379,who are u?,1.0,0.0,0.0,Neutral
380,cuz no mom and no dad ğŸ˜†,0.48,0.52,0.0,Negative
381,lol,0.0,0.0,1.0,Positive
382,"matthew 7:15-23 talk about mohammed - â€œwatch out for false prophets. they come to you in sheepâ€™s clothing, but inwardly they are ferocious wolves. 16 by their fruit you will recognize them ...''",0.952,0.048,0.0,Neutral
383,i am human dude,1.0,0.0,0.0,Neutral
384,you have no answer....you think some verse points to 'return'....,0.804,0.196,0.0,Neutral
385,isn't it so?,1.0,0.0,0.0,Neutral
386,i'm the slave of the magic mirror,1.0,0.0,0.0,Neutral
387,i know wat you will say eventually maybe this or maybe that like a donkey,0.848,0.0,0.152,Neutral
388,jesus tomb in india kashmir mahala khanyar,1.0,0.0,0.0,Neutral
389,is africa doing an ethnic cleansing of ethiopians,1.0,0.0,0.0,Neutral
390,lol,0.0,0.0,1.0,Positive
391,"all of his believers will call him ""fake"" any way so..ğŸ‘€",0.78,0.22,0.0,Neutral
392,i am not a tool,1.0,0.0,0.0,Neutral
393,i will tell you no scientific biologists who have dome respect for himself will say that,0.725,0.114,0.161,Neutral
394,"hi magic, good to see you.",0.633,0.0,0.367,Neutral
395,any way take your time........,1.0,0.0,0.0,Neutral
396,"isis was created by believers in god , so god idea has created bad hateful , criminal behaviour",0.372,0.341,0.287,Neutral
397,blessings ğŸ–ğŸ½,0.472,0.0,0.528,Positive
398,love from bangladesh,0.323,0.0,0.677,Positive
399,love from bangladesh,0.323,0.0,0.677,Positive
400,we don't follow broken mirror clown messiahs.... do we?,0.758,0.0,0.242,Neutral
401,may all your music be symetrical,1.0,0.0,0.0,Neutral
402,love from bangladesh,0.323,0.0,0.677,Positive
403,love from bangladesh,0.323,0.0,0.677,Positive
404,thanks crpt,0.256,0.0,0.744,Positive
405,love to bangladesh,0.323,0.0,0.677,Positive
406,love for all hated for none,0.323,0.339,0.339,Negative
407,:elbowcough::washhands:ğŸ¥“ğŸ¥“,1.0,0.0,0.0,Neutral
408,i slept a whole day,1.0,0.0,0.0,Neutral
409,what if a 10.0 earthquake happens?,1.0,0.0,0.0,Neutral
410,i feel like total trash,0.615,0.0,0.385,Neutral
411,"all of his believers will hang him again as a ""fake"" so....ğŸ‘€",0.795,0.205,0.0,Neutral
412,hi,1.0,0.0,0.0,Neutral
413,coffee helps,0.278,0.0,0.722,Positive
414,"isis was created by believers in god , so god idea has created bad hateful , criminal behaviour",0.372,0.341,0.287,Neutral
415,i feel horrible,0.364,0.636,0.0,Negative
416,people who live in cottages will have minimal damage from 10.0 earthquack,0.775,0.225,0.0,Neutral
417,for whatever happens just pray to god..,0.532,0.0,0.468,Neutral
418,i feel great,0.328,0.0,0.672,Positive
419,better live in cottages made of banana trees,0.707,0.0,0.293,Neutral
420,isis was vilified to hoard masonic private school mathematics,1.0,0.0,0.0,Neutral
421,isis was created by usa,0.667,0.0,0.333,Neutral
422,"sldtva _93 if the body say sleep all day i s fine , the body needed sleep and relaxation",0.766,0.0,0.234,Neutral
423,and therefore music,1.0,0.0,0.0,Neutral
424,i don't know if my apartment could handle a 10,1.0,0.0,0.0,Neutral
425,sure it will happen when we least expect it,0.777,0.0,0.223,Neutral
426,bb l,0.25,0.0,0.75,Positive
427,lol,0.0,0.0,1.0,Positive
428,lol,0.0,0.0,1.0,Positive
429,america was created by isis,0.667,0.0,0.333,Neutral
430,a thief in the night,0.541,0.459,0.0,Neutral
431,automation tech is cute,0.5,0.0,0.5,Neutral
432,we had earthquack two days ago. my leggs started shaking,0.841,0.159,0.0,Neutral
433,in the gospel of matthew it speaks of his return.....,1.0,0.0,0.0,Neutral
434,messiah has come,1.0,0.0,0.0,Neutral
435,but stood there like a rock,0.606,0.0,0.394,Neutral
436,i made all the lies go away.,0.682,0.318,0.0,Neutral
437,anything under a 6 i don't notice,1.0,0.0,0.0,Neutral
438,america is around for about a couple of hundred years,1.0,0.0,0.0,Neutral
439,_93 the longer i sleep the better i feel . i didn't sleep well at all last night . have uti . feel better now . i think i go back to sleep now during daytime here in usa,0.825,0.042,0.133,Neutral
440,like a big truck driving by,0.667,0.0,0.333,Neutral
441,i think may be it was created by satan,0.8,0.0,0.2,Neutral
442,my dixie wrecked,1.0,0.0,0.0,Neutral
443,hes coming like a thief in the night....,0.504,0.286,0.21,Neutral
444,#alberto bernal . was that gospel written during jesus time on earth or after his departure?,1.0,0.0,0.0,Neutral
445,love for all hated for none,0.323,0.339,0.339,Negative
446,"blah, blah, blah.. earthquake? my girlfriends legs shook last night! :goodvibes:",0.543,0.457,0.0,Neutral
447,massons na ğŸ«islam,1.0,0.0,0.0,Neutral
448,yesâœï¸ pases,0.526,0.0,0.474,Neutral
449,"the people in the bible who worshipped baal...baal worship is actually the study of weather and other bs,,,look it up",0.753,0.0,0.247,Neutral
450,need breakfast,1.0,0.0,0.0,Neutral
451,"murderman if you dont know then dont say that maybe satan did it , that sound like abusive behaviour coming from you , if you dont know then you dont know , accept not knowing",0.783,0.156,0.061,Neutral
452,weather happens,1.0,0.0,0.0,Neutral
453,man made weather patterns,1.0,0.0,0.0,Neutral
454,increadabo,1.0,0.0,0.0,Neutral
455,#alberto bernal . u didn't answer me,1.0,0.0,0.0,Neutral
456,worship = warship,0.204,0.347,0.449,Positive
457,"inas don't believe, your choice, research. learn something. i would start at the place of the skull, golgotha, where was crucified, where his blood dripped onto the ark of the covenant.",1.0,0.0,0.0,Neutral
458,"chaudery qadiyani wrote that in winter time he used to go to toilet for at least 70 times to pee,and 270 times over all,and in summer time 100 times to pee and 300 overall,how did he do that ?",1.0,0.0,0.0,Neutral
459,promised messiah has come hazart m,0.667,0.0,0.333,Neutral
460,ÙŠØ§ Ø³Ù„Ø§Ù… Ø§Ù„ØªØ·Ø¨ÙŠØ¹ Ø¹Ù„Ù‰ Ø§Ø­Ù„Ù‰ Ø§Ø´ÙƒØ§Ù„Ù‡ Ø§Ù„ÙÙ„Ø³Ø·ÙŠÙŠÙ†ÙŠÙ† Ø¨ÙŠØ·Ø§Ù„Ø¨ÙˆØ§ Ø§Ø³Ø±Ø§Ø¦ÙŠÙ„ Ø¨ØªØ·Ø¹ÙŠÙ…Ù‡Ù… ØŸğŸ¤ ,1.0,0.0,0.0,Neutral
461,"whorship and war is the same , true",0.472,0.307,0.22,Neutral
462,"even the tornadoes are looking artificial, they used to happen more frequently years ago,,,now im seeing tornadoes in countries you dont usually see",1.0,0.0,0.0,Neutral
463,:thanksdoc::thanksdoc:can sandhya pandey remain alive ???? for 6 months also now ? kidney failure knocking sandhya pandey to death:oops::oops::oops::oops:,0.712,0.179,0.109,Neutral
464,can u answwer alberto,1.0,0.0,0.0,Neutral
465,i donit like him,0.545,0.0,0.455,Neutral
466,vannishing man,1.0,0.0,0.0,Neutral
467,automation tech is cute,0.5,0.0,0.5,Neutral
468,i can,1.0,0.0,0.0,Neutral
469,give then answer,1.0,0.0,0.0,Neutral
470,"2024,,,,going to be crazy",0.556,0.444,0.0,Neutral
471,horror that mean they have his skull but it s not true so no no ones can say how many dna ! and if you say he is god he could not have any dna lol,0.648,0.116,0.236,Neutral
472,ğŸ§Ÿis badğŸ§Ÿno badğŸ§Ÿis badğŸ§Ÿno badğŸ§Ÿia bad ğŸ§Ÿno badğŸ§Ÿis badğŸ§Ÿno badğŸ§Ÿ,0.243,0.757,0.0,Negative
473,you failed in ur department but any way give answer. emad zak,0.837,0.163,0.0,Neutral
474,ok,0.0,0.0,1.0,Positive
475,what religion do you follow ?,1.0,0.0,0.0,Neutral
476,ok,0.0,0.0,1.0,Positive
477,:elbowbump: outta...,1.0,0.0,0.0,Neutral
478,create suspense,0.323,0.0,0.677,Positive
479,23 not necessary at all to say he is god,0.811,0.0,0.189,Neutral
480,âœï¸:socialdist:â˜ªï¸,1.0,0.0,0.0,Neutral
481,#murderman . its private,1.0,0.0,0.0,Neutral
482,messiah has come,1.0,0.0,0.0,Neutral
483,"greg william wants a state department job,,,at the us embassy in baghdad",1.0,0.0,0.0,Neutral
484,power to the people not goverments,1.0,0.0,0.0,Neutral
485,emad zak. avoid writing a paragraph...just jist of the whole answer...try at least,0.845,0.155,0.0,Neutral
486,â˜ª ğŸ’˜ âœ= friendships,0.507,0.0,0.493,Neutral
487,lol,0.0,0.0,1.0,Positive
488,"someone said : god judge someone harshly , and is about death threatning people who refuse to have a belief and who refuse god",0.603,0.263,0.133,Neutral
489,23 or 46 is exactly the same and no proof at all,0.833,0.167,0.0,Neutral
490,"must be very embarrassing for you to reveal, but it's ok you can tell me lets discuss your faith",0.654,0.08,0.266,Neutral
491,hi guys we need accept jesus christ us our personal saviour,0.794,0.0,0.206,Neutral
492,the cross is satanic,1.0,0.0,0.0,Neutral
493,murderman. why?,1.0,0.0,0.0,Neutral
494,god is real like any lie told to humanity,0.603,0.0,0.397,Neutral
495,:goodvibes:,1.0,0.0,0.0,Neutral
496,hazart mirza masroor ahmad khalifatul messiah the v man of peace in the world,0.788,0.0,0.212,Neutral
497,:thanksdoc:nawal ojha + lallu yadav kidney working only 10%,1.0,0.0,0.0,Neutral
498,half a moon is satanic,1.0,0.0,0.0,Neutral
499,you will know why after we discuss,1.0,0.0,0.0,Neutral
500,you need accept jesus christ,0.606,0.0,0.394,Neutral
501,.,1.0,0.0,0.0,Neutral
502,:thanksdoc:sonia gandhi kidney working 17%,1.0,0.0,0.0,Neutral
503,na na. i m not fool,0.675,0.0,0.325,Neutral
504,im just here on aj chat trying to solve the world's issues. i plan to discuss theology,0.899,0.0,0.101,Neutral
505,its private,1.0,0.0,0.0,Neutral
506,"chaudery qadiyani wrote that in winter time he used to go to toilet for at least 70 times to pee,and 270 times over all,and in summer time 100 times to pee and 300 overall,how did he do that?",1.0,0.0,0.0,Neutral
507,...omg...ğŸ‘€..!!...whateverğŸ‘€..!!,1.0,0.0,0.0,Neutral
508,wine tating is old ..d2o tasting is new thing,1.0,0.0,0.0,Neutral
509,innocent,0.0,0.0,1.0,Positive
510,aha,1.0,0.0,0.0,Neutral
511,ğŸ˜†,0.444,0.0,0.556,Positive
512,today is black day indian crpf soldiers we lost our 40 soldiers ğŸ‡®ğŸ‡³ğŸ™ğŸ™ğŸ™ğŸ™,0.897,0.103,0.0,Neutral
513,jesus tomb in india kashmir mahala khanyar,1.0,0.0,0.0,Neutral
514,no more fake teachers,0.284,0.312,0.404,Positive
515,lol,0.0,0.0,1.0,Positive
516,"inas jesus was crucified where king david slayed goliath, goliath the giant he was buried there. the reason it called the place of the skull.",1.0,0.0,0.0,Neutral
517,omg i'm not bothering y'all don't start none won't be none...,0.821,0.0,0.179,Neutral
518,sol isis la in the magic mirror,1.0,0.0,0.0,Neutral
519,43 trumpers?,1.0,0.0,0.0,Neutral
520,emad zak. you didn't give answer...you said you would....but jist only ....avoid paragraphs,0.845,0.155,0.0,Neutral
521,rajesh lalu yadav ğŸ‘ŒğŸ˜‚ğŸ˜‚,0.339,0.143,0.518,Positive
522,same here lion,1.0,0.0,0.0,Neutral
523,chaudery can you imagine the body condition someone would be in if he had to pee 200 times a day ?,1.0,0.0,0.0,Neutral
524,i have a horrible headache otherwise i 'll be glad to contribute in solving the wotld s issues with you,0.656,0.135,0.208,Neutral
525,:yougotthis:,1.0,0.0,0.0,Neutral
526,fishğŸ’˜,0.417,0.0,0.583,Positive
527,no skull of jedus,0.577,0.423,0.0,Neutral
528,the states is so screwed,0.493,0.507,0.0,Negative
529,who we r?,1.0,0.0,0.0,Neutral
530,zak the upside down cross is satanic.... get it rite bro...,1.0,0.0,0.0,Neutral
531,no skull of jedus i the vatican ğŸ˜†,0.63,0.173,0.197,Neutral
532,human,1.0,0.0,0.0,Neutral
533,"hey, great. a trial with no witnesses is a farce. definitely not democracy.",0.435,0.237,0.329,Neutral
534,trump is great,0.328,0.0,0.672,Positive
535,i am from india rajasthan lake city,1.0,0.0,0.0,Neutral
536,problems to be solved,0.294,0.397,0.309,Negative
537,england vs india,1.0,0.0,0.0,Neutral
538,1st amendment gets him off,1.0,0.0,0.0,Neutral
539,today match india will win,0.513,0.0,0.487,Neutral
540,impeach biden,1.0,0.0,0.0,Neutral
541,pope should not hide such information from the wotld if pope have jesus skull he would be glad to share the information ğŸ˜†,0.695,0.0,0.305,Neutral
542,moment of silence for the retired air force (female) cadet who was shot in the capitol building....witchhunt? or christian hunt? she maybe wanted to be rasta,1.0,0.0,0.0,Neutral
543,today match india will win,0.513,0.0,0.487,Neutral
544,inas i don't mix with swine. bye.,1.0,0.0,0.0,Neutral
545,cricket baseball on valium,1.0,0.0,0.0,Neutral
546,"then pelosi runs away, whose the coward",0.667,0.333,0.0,Neutral
547,america's reality show continuesğŸ‘€..!!,1.0,0.0,0.0,Neutral
548,chaudery mirza ghulam qadiyani died on his shyt he was obsessed with shyt,0.675,0.325,0.0,Neutral
549,in congo anti bullyng law must be signed\,0.753,0.247,0.0,Neutral
550,impeach biden,1.0,0.0,0.0,Neutral
551,now that the sham trial is over i definitely want trump to run again. if we really want a dictator then it will be on the hands of the voters.,0.828,0.0,0.172,Neutral
552,we might be alive in the spirit but we might be asleep or awake in the spirit....,0.729,0.0,0.271,Neutral
553,impeach everything,1.0,0.0,0.0,Neutral
554,truh,1.0,0.0,0.0,Neutral
555,impeach pelosi,1.0,0.0,0.0,Neutral
556,horror ok bye â˜º,0.183,0.339,0.477,Positive
557,"""that's entertainment""...ğŸ‘€..!!",0.371,0.0,0.629,Positive
558,"unfortunatley , government is not , reality tv",1.0,0.0,0.0,Neutral
559,political victimisation,1.0,0.0,0.0,Neutral
560,"trump 2024,,, independent",1.0,0.0,0.0,Neutral
561,"button eyes no , is not entertainment , is bad criminal behaviour",0.412,0.588,0.0,Negative
562,"non profits organizations giving relief to (people in) nations like congo, coming soon....non-profit named cutc====clean up the country coming soon...founded by greg william",0.635,0.0,0.365,Neutral
563,this doesn't leave trump off the hook . by 2022 he'll be in prison,0.73,0.201,0.07,Neutral
564,i would rather be awake in spirit in christ jesus....,0.841,0.0,0.159,Neutral
565,trump 2024=sanctions for being a terrorist nation,0.561,0.439,0.0,Neutral
566,they work for the government and police .... can't tell those sale outs that it's reality to them it's all they know..,1.0,0.0,0.0,Neutral
567,there you goğŸ‘€..!!..your trump jesus has risen from the deadğŸ‘€..!!,0.668,0.332,0.0,Neutral
568,"split the consevatives , stay outta power decades",1.0,0.0,0.0,Neutral
569,the world doesn't think america is cool anymore,0.753,0.0,0.247,Neutral
570,"inas you need to go back and read closely what i said. what your answer was is a lie, i didn't say that. go back read closely.",1.0,0.0,0.0,Neutral
571,you pretty much are a joke,0.426,0.0,0.574,Positive
572,independent trump 2024,1.0,0.0,0.0,Neutral
573,"yourmate true , it will be a good thing",0.551,0.0,0.449,Neutral
574,some baloons,1.0,0.0,0.0,Neutral
575,cryogenic trump 2024,1.0,0.0,0.0,Neutral
576,death means the end of the existence of flesh... but your spirit lives on... and tgats where we bee,0.791,0.114,0.095,Neutral
577,poverty breeds violence,0.119,0.881,0.0,Negative
578,trump won't make it to 2024.,1.0,0.0,0.0,Neutral
579,we need jesus christ,1.0,0.0,0.0,Neutral
580,"alberto you do ,",1.0,0.0,0.0,Neutral
581,tinnu anand is mujahid who only capable for j&k,0.755,0.0,0.245,Neutral
582,#alberto bernal . you already had once.,1.0,0.0,0.0,Neutral
583,we all need jesus christ....,1.0,0.0,0.0,Neutral
584,these burmese military generals should be tried in icc for rohinga massacre,1.0,0.0,0.0,Neutral
585,something shaky is going on behind the scenes...in the rep. party.....,0.662,0.14,0.199,Neutral
586,alberto he's terrible with being on time,0.659,0.341,0.0,Neutral
587,you right but before you said that the know from the skull and it s legitimate to think that it s the skull of jedus not the dkull of goliath and i font see why you mixing the 2 stories?,1.0,0.0,0.0,Neutral
588,mujahideens of pakistan are hero in world,0.625,0.0,0.375,Neutral
589,greg i agree,0.444,0.0,0.556,Positive
590,bangladesh ar 2 part caming date....plz,1.0,0.0,0.0,Neutral
591,what do you mean???,1.0,0.0,0.0,Neutral
592,it was prophesy that promissed messiah will be wraped in 2 yellow sheets which means that he will suffer with 2 deasese that prophesy was fullfilled and shows his truthfullness that he is from god,0.855,0.091,0.054,Neutral
593,yourmate what do you mean???,1.0,0.0,0.0,Neutral
594,"alberto, he is currently trapped in gaza right now.",0.702,0.298,0.0,Neutral
595,#alberto bernal . as you he did come in time. you refused,0.833,0.167,0.0,Neutral
596,besides i font think that even they can found goliath skull don't be do innocent,0.873,0.127,0.0,Neutral
597,"rafiq chaudery god idea is scam , that book is a lie",0.633,0.234,0.133,Neutral
598,as you know,1.0,0.0,0.0,Neutral
599,"chaudery qadiyani wrote that in winter time he used to go to toilet for at least 70 times to pee,and 270 times over all,and in summer time 100 times to pee and 300 overall,how did he do that?",1.0,0.0,0.0,Neutral
600,lots of bad news-agencies only focus their newstelling only the result of the vote senate and not enough on what has been said afterwards by the senate members,0.885,0.115,0.0,Neutral
601,"2000 yrs late , please keep your god to you ,",0.672,0.0,0.328,Neutral
602,ajmal qasab and tinnu anand challege to get kashmir,1.0,0.0,0.0,Neutral
603,jesus the messiah is always on time....,1.0,0.0,0.0,Neutral
604,"ebola is normal there,, why pandemic now",1.0,0.0,0.0,Neutral
605,truth does not h an expiration date,0.723,0.0,0.277,Neutral
606,why trouble him again and again? didn't he say all to you.,0.803,0.197,0.0,Neutral
607,"william true . and its because of wealth disparity, most of nations worth controlled by 1% . must make laws to make them pay good wages and more taxes. then poor whatever color be peaceful",0.595,0.101,0.303,Neutral
608,does not hv*,1.0,0.0,0.0,Neutral
609,i like people - as long as they agree with me,0.643,0.0,0.357,Neutral
610,ajmal qasab and tinna anand arw challenge to get jammu and kashmir,0.894,0.0,0.106,Neutral
611,messiah has come,1.0,0.0,0.0,Neutral
612,do you love people or turn other cheek?,0.625,0.0,0.375,Neutral
613,is that why those people did that to the capitol?,1.0,0.0,0.0,Neutral
614,god will punish you if you disagree with me,0.426,0.426,0.149,Negative
615,if no...then 2nd arrival will do no magic,0.761,0.239,0.0,Neutral
616,....lol,0.0,0.0,1.0,Positive
617,wooowww,1.0,0.0,0.0,Neutral
618,i know what i'm doing - god stand behind me,0.811,0.0,0.189,Neutral
619,they should had stormed the russian embassy,1.0,0.0,0.0,Neutral
620,you will arrest under some human rights law,0.745,0.255,0.0,Neutral
621,god is not something to play with,0.547,0.223,0.23,Neutral
622,its possible,1.0,0.0,0.0,Neutral
623,ajmal qasab and tinnu anand are challenge to get jammu and kashmir,0.894,0.0,0.106,Neutral
624,ola hu uber,1.0,0.0,0.0,Neutral
625,messiah has come,1.0,0.0,0.0,Neutral
626,if you believe what i say - you'll be in paradise,0.704,0.0,0.296,Neutral
627,paying attention helps a little sometimes gregğŸ‘€..!!,0.687,0.0,0.313,Neutral
628,love for all hated for none,0.323,0.339,0.339,Negative
629,allha u uber lol,0.492,0.0,0.508,Positive
630,what if they do storm the russian embassy,1.0,0.0,0.0,Neutral
631,or mu ham hard,0.682,0.318,0.0,Neutral
632,"lol . true story, long time ago saw an ad where guy would pay 20 dollars an hour to anyone who would keep agreeing with him when they met",0.727,0.041,0.233,Neutral
633,that would not be very surprising,0.711,0.289,0.0,Neutral
634,"i have the word of god, and you must obey me and make donations to my bank account - then you will be in paradise",0.785,0.0,0.215,Neutral
635,"learned about lights,,,these lights be messing with our health",1.0,0.0,0.0,Neutral
636,corrupt senators,1.0,0.0,0.0,Neutral
637,sar zameen e pakistan.long live tinnu anand,1.0,0.0,0.0,Neutral
638,hazart mirza masroor ahmad khalifatul messiah the v man of peace in the world,0.788,0.0,0.212,Neutral
639,buy btc,1.0,0.0,0.0,Neutral
640,its just very pointless cuz there is probably nothing particularly useful there exactly for that reason,0.851,0.149,0.0,Neutral
641,if you obey me - and make huge donations to my bank account - you will be sooner in paradise of joy,0.648,0.0,0.352,Neutral
642,"tithe tax free , abuse children at whim",0.444,0.311,0.244,Neutral
643,ğŸ¤£...holy s**t...ğŸ‘€..!!,1.0,0.0,0.0,Neutral
644,congo need anti bullyng law,0.635,0.365,0.0,Neutral
645,carbikenetwork lol,0.263,0.0,0.737,Positive
646,as soon as the coin in the coffer rings - the gates of paradise open and the 72 virgins are yours,0.826,0.0,0.174,Neutral
647,"hi,,",1.0,0.0,0.0,Neutral
648,hazart mirza masroor ahmad khalifatul messiah the v man of peace in the world,0.788,0.0,0.212,Neutral
649,history and destiny right now... there is no escaping it... you heard the man... now stop it ğŸ¤£,0.744,0.131,0.125,Neutral
650,"""lights"".....ğŸ‘€..!!....ğŸ¤£",0.613,0.0,0.387,Neutral
651,donate now,1.0,0.0,0.0,Neutral
652,i don't agree with tithe. after the swaggarts it is disgusting begging. they are awful.,0.585,0.415,0.0,Neutral
653,stupid,0.0,1.0,0.0,Negative
654,"72 virgins , for lousy lovemaker",0.588,0.412,0.0,Neutral
655,congo to add anti bullyng law,0.685,0.315,0.0,Neutral
656,"buy bitcoin now, free yourself for everrr",0.645,0.0,0.355,Neutral
657,ya,1.0,0.0,0.0,Neutral
658,messiah has come,1.0,0.0,0.0,Neutral
659,ğŸ‡¬ğŸ‡§ğŸ‡ºğŸ‡¸ğŸ‡ªğŸ‡ºâŒâŒâŒ,1.0,0.0,0.0,Neutral
660,no deal . only deal if i get 87 virgins,0.804,0.196,0.0,Neutral
661,on who,1.0,0.0,0.0,Neutral
662,love for all hated for none,0.323,0.339,0.339,Negative
663,if you have a relationship with jesus why give them money,1.0,0.0,0.0,Neutral
664,masculinity ugliness and god idea create atacks on the planet as always it does,0.582,0.196,0.222,Neutral
665,nowhere in qur'an said 72 or the word virgin,1.0,0.0,0.0,Neutral
666,ğŸ‡¬ğŸ‡§ğŸ‡¬ğŸ‡§ğŸ‡¬ğŸ‡§ğŸ‡¬ğŸ‡§ğŸ˜‚,0.412,0.196,0.392,Neutral
667,you get 18 + 88,1.0,0.0,0.0,Neutral
668,hazart mirza masroor ahmad khalifatul messiah the v man of peace in the world,0.788,0.0,0.212,Neutral
669,do you still hhav jeruselem?,1.0,0.0,0.0,Neutral
670,islam,1.0,0.0,0.0,Neutral
671,even tho i wish to get them in paradise,0.504,0.0,0.496,Neutral
672,messiah has come,1.0,0.0,0.0,Neutral
673,i slam - if you don't belive me,0.729,0.271,0.0,Neutral
674,"blow them up , fixed ,",1.0,0.0,0.0,Neutral
675,"kosovo needs bitcoin and thats it, all problems solved",0.593,0.229,0.178,Neutral
676,"i am not messiah, stop lying",0.462,0.0,0.538,Positive
677,kosovo need to add anti bullyng law as well,0.614,0.202,0.184,Neutral
678,abk,1.0,0.0,0.0,Neutral
679,i'ma keep making half a billion a week under the lie i'm looking for my twin ğŸ˜‚,0.769,0.077,0.154,Neutral
680,#carbikenetwork . its not true...however people who were taught to turn other cheek slam them hard...recent two decades,0.867,0.133,0.0,Neutral
681,love for all hated for none,0.323,0.339,0.339,Negative
682,facts are facts,1.0,0.0,0.0,Neutral
683,r,1.0,0.0,0.0,Neutral
684,messiah has come,1.0,0.0,0.0,Neutral
685,knowledge of why the infinity logo is~is,1.0,0.0,0.0,Neutral
686,chaudery why do you love satan ?,0.588,0.0,0.412,Neutral
687,and they slam and then steal also,0.463,0.537,0.0,Negative
688,"cmon man, you been living under aw rock last 60 yrs ? how you gonna get me 88 18 yr olds who are stil virgins in this day and age ????",1.0,0.0,0.0,Neutral
689,"chaudery qadiyani wrote that in winter time he used to go to toilet for at least 70 times to pee,and 270 times over all,and in summer time 100 times to pee and 300 overall,how did he do that?",1.0,0.0,0.0,Neutral
690,lol,0.0,0.0,1.0,Positive
691,messiah has come,1.0,0.0,0.0,Neutral
692,bye,1.0,0.0,0.0,Neutral
693,anyone need kidney,1.0,0.0,0.0,Neutral
694,18 means ...,1.0,0.0,0.0,Neutral
695,i am selling it,1.0,0.0,0.0,Neutral
696,if it's not forever... why do you need to know it?,1.0,0.0,0.0,Neutral
697,masculinity ugliness and god idea create atacks on the planet as always it does,0.582,0.196,0.222,Neutral
698,lion adious,1.0,0.0,0.0,Neutral
699,and 88 means,1.0,0.0,0.0,Neutral
700,love for all hated for none,0.323,0.339,0.339,Negative
701,google,1.0,0.0,0.0,Neutral
702,#rajat singh . for free?,0.548,0.0,0.452,Neutral
703,tone,1.0,0.0,0.0,Neutral
704,jesus is king ans the jews own jerusalem lmao,0.672,0.0,0.328,Neutral
705,anyone need kidney i am selling it,1.0,0.0,0.0,Neutral
706,pakistani 2 territories arrested in jammu kashmir,0.659,0.341,0.0,Neutral
707,88 = 60's buick,1.0,0.0,0.0,Neutral
708,messiah has come,1.0,0.0,0.0,Neutral
709,ok,0.0,0.0,1.0,Positive
710,how much does a kidney bring these days?,1.0,0.0,0.0,Neutral
711,there is a country called bahraini???,1.0,0.0,0.0,Neutral
712,masculinity ugliness and god idea create atacks on the planet as always it does,0.582,0.196,0.222,Neutral
713,no sigem i will charge for it,0.732,0.268,0.0,Neutral
714,hazart mirza masroor ahmad khalifatul messiah the v man of peace in the world,0.788,0.0,0.212,Neutral
715,bahrain.,1.0,0.0,0.0,Neutral
716,ok rajat singh.,0.476,0.0,0.524,Positive
717,google 18 - 88,1.0,0.0,0.0,Neutral
718,do you need sigment,1.0,0.0,0.0,Neutral
719,"rajat hold onto kidney ,",1.0,0.0,0.0,Neutral
720,no,0.0,1.0,0.0,Negative
721,cops are cancer,0.312,0.688,0.0,Negative
722,just was asking,1.0,0.0,0.0,Neutral
723,boats',1.0,0.0,0.0,Neutral
724,pakistani its common ğŸ™„ for surgical strike ğŸ‘ŒğŸ˜ğŸ˜,0.555,0.049,0.396,Neutral
725,"lol, just kidding about under age virgins . but you have to admit finding a legal 18+ virgin is about as likely as finding a needle in a haystack these days",0.793,0.0,0.207,Neutral
726,hazart mirza masroor ahmad khalifatul messiah the v man of peace in the world,0.788,0.0,0.212,Neutral
727,i am in much trouble any one need than contact me,0.787,0.213,0.0,Neutral
728,you are cancer mike. say that when your car gets stolen,0.542,0.458,0.0,Neutral
729,russia ğŸ’ª power and strentgh,1.0,0.0,0.0,Neutral
730,the the adult female doesnt look malnourished,1.0,0.0,0.0,Neutral
731,how bout giving food for her? no she has to go to hospital,0.705,0.141,0.154,Neutral
732,issuance,1.0,0.0,0.0,Neutral
733,we are in england,1.0,0.0,0.0,Neutral
734,i am 19 and i am virgin,1.0,0.0,0.0,Neutral
735,india ğŸ’ªğŸ‘Œ,0.328,0.0,0.672,Positive
736,"who whats a virgin ,",1.0,0.0,0.0,Neutral
737,insurance,1.0,0.0,0.0,Neutral
738,yourmate do you need,1.0,0.0,0.0,Neutral
739,lmaso,1.0,0.0,0.0,Neutral
740,thanks for all the help bezos.......ğŸ‘€..!!,0.447,0.0,0.553,Positive
741,imasculinity ugliness and god idea create atacks on the planet as always it does,0.582,0.196,0.222,Neutral
742,hmm,1.0,0.0,0.0,Neutral
743,no,0.0,1.0,0.0,Negative
744,what kind of trouble leads someone to sell their organs on the blc,0.8,0.2,0.0,Neutral
745,but why?,1.0,0.0,0.0,Neutral
746,nadia khan?ğŸ˜ğŸ˜,0.625,0.0,0.375,Neutral
747,insurance,1.0,0.0,0.0,Neutral
748,hello limeys . hows everything across the pond ?!,1.0,0.0,0.0,Neutral
749,thanks for all the help elon...ğŸ‘€..!!,0.447,0.0,0.553,Positive
750,messiah has come,1.0,0.0,0.0,Neutral
751,any one need kidney i am selling it,1.0,0.0,0.0,Neutral
752,i'm down under,1.0,0.0,0.0,Neutral
753,#emad zak . give me verse from your scripture where there is mention of 'return'? take you time.,1.0,0.0,0.0,Neutral
754,"depends, is it a tasty one",1.0,0.0,0.0,Neutral
755,love for all hated for none,0.323,0.339,0.339,Negative
756,so gloabal effort to help or that gana be christian countrys deal with poverty,0.667,0.183,0.15,Neutral
757,masculinity ugliness and god idea create atacks on the planet as always it does,0.582,0.196,0.222,Neutral
758,"rajat keep it , savings",1.0,0.0,0.0,Neutral
759,please pigs leave chat,0.364,0.218,0.418,Positive
760,rajat singh where are you from,1.0,0.0,0.0,Neutral
761,"coup, sabotage, killing, murder, demon-cracy, autumn-cracy, crazy",0.168,0.832,0.0,Negative
762,messiah has come,1.0,0.0,0.0,Neutral
